ORDER_ID,USERNAME,ITEM
1,username,Square Widget
1,username,Square Widget
1,username,Square Widget
1,username,Square Widget
1,username,Round Widget
1,username,Round Widget
1,username,Round Widget
1,username,Round Widget
1,username,Round Widget
1,username,Round Widget
2,username,Round Widget
2,username,Round Widget
2,username,Round Widget
2,username,Round Widget
2,username,Round Widget
2,username,Round Widget
3,username,Square Widget
3,username,Square Widget
3,username,Square Widget
3,username,Square Widget
3,username,Square Widget
3,username,Square Widget
3,username,Square Widget
3,username,Square Widget
4,username,Round Widget
4,username,Round Widget
4,username,Round Widget
4,username,Round Widget
4,username,Square Widget
4,username,Square Widget
4,username,Square Widget
4,username,Square Widget
4,username,Round Widget
4,username,Round Widget
4,username,Round Widget
4,username,Round Widget
5,username,Round Widget
5,username,Round Widget
6,username,Square Widget
6,username,Square Widget
7,username,Square Widget
7,username,Square Widget
8,username,Round Widget
8,username,Round Widget
9,username,Square Widget
9,username,Square Widget
10,username,Square Widget
10,username,Square Widget
11,username,Square Widget
11,username,Square Widget
12,username,Square Widget
12,username,Square Widget
13,username,Square Widget
13,username,Square Widget
13,username,Square Widget
13,username,Square Widget
13,username,Square Widget
13,username,Square Widget
14,username,Round Widget
14,username,Round Widget
14,username,Round Widget
14,username,Round Widget
